43170236-ABEC-4C25-B59F-AF608000EF79#appfire#Health#appfire#1,2,-1,-1#appfire#3#appfire#5000#appfire#1#appfire#1#appfire#18D01ABF-F632-496A-B379-FC50EDEAB8C0#appfire#2015-10-30 11:23:01#appfire#18D01ABF-F632-496A-B379-FC50EDEAB8C0#appfire#2015-10-30 11:23:01#appfire#1
7320F488-ED97-4D67-8745-5E43AFB69A96#appfire#BUSINESS Service#appfire#1,2,-1,-1#appfire#3#appfire#3000#appfire#1#appfire#1#appfire#18D01ABF-F632-496A-B379-FC50EDEAB8C0#appfire#2015-10-30 11:23:01#appfire#18D01ABF-F632-496A-B379-FC50EDEAB8C0#appfire#2015-10-30 11:23:01#appfire#1
98E38C5E-6867-4B80-A8CE-6D3BDE7E3CEB#appfire#RESTful SERVICES#appfire#1,2,-1,-1#appfire#3#appfire#1000#appfire#1#appfire#1#appfire#18D01ABF-F632-496A-B379-FC50EDEAB8C0#appfire#2015-10-30 11:23:01#appfire#18D01ABF-F632-496A-B379-FC50EDEAB8C0#appfire#2015-10-30 11:23:01#appfire#1
9F625A2E-6E67-415B-914B-DAC9756AE301#appfire#Repository/Database Operations#appfire#1,2,-1,-1#appfire#3#appfire#2000#appfire#1#appfire#1#appfire#18D01ABF-F632-496A-B379-FC50EDEAB8C0#appfire#2015-10-30 11:23:01#appfire#18D01ABF-F632-496A-B379-FC50EDEAB8C0#appfire#2015-10-30 11:23:01#appfire#1
CCC325DC-5785-4F6D-A33F-497A8E9A6150#appfire#Security#appfire#1,2,-1,-1#appfire#3#appfire#4000#appfire#1#appfire#1#appfire#18D01ABF-F632-496A-B379-FC50EDEAB8C0#appfire#2015-10-30 11:23:01#appfire#18D01ABF-F632-496A-B379-FC50EDEAB8C0#appfire#2015-10-30 11:23:01#appfire#1
